company_name,domain,keyword,company_url
Accenture India Private Limited + India + India,www.accenture.com,linux,https://www.accenture.com/au-en/careers/jobdetails?id=13361288_en&title=Cloud+%26+Linux+Snr+Analyst
Accenture India Private Limited + India + India,www.accenture.com,windows,https://www.accenture.com/au-en/careers/jobdetails?id=R00268337_en&title=Windows%20Linux-Expressions%20of%20Interest%20-%20Ballarat
Advance Inovation + Indonesia + ASEAN,www.ad-ins.com,windows,https://www.ad-ins.com/products-services/suprboard/
Advance Inovation + Indonesia + ASEAN,www.ad-ins.com,linux,https://www.ad-ins.com/products-services/suprboard/
Australian Football League + Australia + ANZ,www.afl.com.au,windows,https://www.afl.com.au/video/75097/who-wins-the-prelims-might-be-time-to-board-up-your-windows?videoId=75097&modal=true&type=video&publishFrom=1568851856001
Accenture India Private Limited + India + India,www.accenture.com,android,https://www.accenture.com/hk-en/careers/jobdetails?id=R00136403_en
Advance Inovation + Indonesia + ASEAN,www.ad-ins.com,android,https://www.ad-ins.com/products-services/adins-mobile/mobile-order/
Australian Football League + Australia + ANZ,www.afl.com.au,android,https://www.afl.com.au/get-the-aflw-app
Aleph Labs + Australia + ANZ,www.aleph-labs.com,android,https://www.aleph-labs.com/careers
Aleph Labs + Australia + ANZ,www.aleph-labs.com,ios,https://www.aleph-labs.com/careers
Australian Football League + Australia + ANZ,www.afl.com.au,ios,https://www.afl.com.au/aamiclangersforgood
Aleph Labs + Australia + ANZ,www.aleph-labs.com,linux,https://www.aleph-labs.com/careers/SG/devops-developer/3?134946264
ANNALISE-AI PTY LTD + Australia + ANZ,www.annalise.ai,windows,https://annalise.ai/evidence/designing-effective-artificial-intelligence-software/
Advanced Micro Devices (Singapore) + Singapore + ASEAN,www.amd.com,ubuntu,https://www.amd.com/en/products/software/adaptive-socs-and-fpgas/embedded-software/ubuntu.html
Advanced Micro Devices (Singapore) + Singapore + ASEAN,www.amd.com,linux,https://www.amd.com/en/support/download/linux-drivers.html
ANNALISE-AI PTY LTD + Australia + ANZ,www.annalise.ai,ios,https://annalise.ai/wp-content/uploads/2025/06/OPT-PRM-027-Annalise-Enterprise-User-Guide-11.pdf
ANNALISE-AI PTY LTD + Australia + ANZ,www.annalise.ai,linux,https://annalise.ai/wp-content/uploads/2023/12/OPT-PRM-028-ES-Annalise-Enterprise-Administration-Guide-Spanish.pdf
Audinate + Australia + ANZ,www.audinate.com,windows,https://www.audinate.com/learning/faqs/are-any-windows-mac-drivers-or-software-required-for-the-dante-avio-usb-adapters?lang=de
Audinate + Australia + ANZ,www.audinate.com,linux,https://www.audinate.com/learning/faqs/what-operating-systems-are-supported-by-dante-virtual-soundcard/
Aviva vietnam + Vietnam + ASEAN,www.aviva.com,android,https://www.aviva.com/newsroom/news-releases/2011/09/poland-avivas-calculator-in-the-form-of-a-mobile-application-on-android-13163/
Aviva vietnam + Vietnam + ASEAN,www.aviva.com,windows,https://www.aviva.com/newsroom/news-releases/2007/06/uk-break-point-for-nations-windows-3324/
Audinate + Australia + ANZ,www.audinate.com,windows 7,https://www.audinate.com/support/dante-via-quickstart/
AXXIS Consulting (S) Pte Ltd + Singapore + ASEAN,www.axxis-consulting.com,android,https://axxis-consulting.com/what-is-sap-business-technology-platform/
AXXIS Consulting (S) Pte Ltd + Singapore + ASEAN,www.axxis-consulting.com,ios,https://axxis-consulting.com/what-is-sap-business-technology-platform/
AXXIS Consulting (S) Pte Ltd + Singapore + ASEAN,www.axxis-consulting.com,windows,https://axxis-consulting.com/sap-service-cloud/
BENDIGO BANK TELCO + Australia + ANZ,www.bendigobank.com.au,android,https://www.bendigobank.com.au/media-centre/bank-welcomes-android-pay-to-australia/
BENDIGO BANK TELCO + Australia + ANZ,www.bendigobank.com.au,ios,https://www.bendigobank.com.au/security/ben-protect/devices/
BELL DIRECT + Australia + ANZ,www.belldirect.com.au,android,https://www.belldirect.com.au/smarter/mobile
BELL DIRECT + Australia + ANZ,www.belldirect.com.au,ios,https://www.belldirect.com.au/smarter/mobile
BENDIGO BANK TELCO + Australia + ANZ,www.bendigobank.com.au,apple ios,https://www.bendigobank.com.au/business/payments-and-merchant-services/eftpos/eftpos-machines/
BELL DIRECT + Australia + ANZ,www.belldirect.com.au,windows,https://www.belldirect.com.au/account/faqs/webiress
Aviva vietnam + Vietnam + ASEAN,www.aviva.com,ubuntu,https://www.aviva.com/newsroom/news-releases/2009/11/netherlands-three-schools-involved-in-the-what-is-value-project-week-5716/
Blue Star Limited + India + India,www.bluestarindia.com,windows,https://www.bluestarindia.com/media/164905/vormetric-data-security-platform.pdf
Blue Star Limited + India + India,www.bluestarindia.com,linux,https://www.bluestarindia.com/media/164905/vormetric-data-security-platform.pdf
Blue Star Limited + India + India,www.bluestarindia.com,ubuntu,https://www.bluestarindia.com/media/164905/vormetric-data-security-platform.pdf
Bumrungrad International Hospital + Thailand + ASEAN,www.bumrungrad.com,ios,https://www.bumrungrad.com/en/search-results/all?searchtext=liver%20transplant&langs=%E3%80%90HackerSite%3A%20Kunghac.com%E3%80%91%2Ccellebrite%20hacked%2Chacks%20iphone%2013%2Chunter%20iphone%20hacked%2Ciphone%2011%20pro%20max%20hacks%2Capple%20lockdown%20mode%20hacked%2Capple%20phone%20has%20been%20hacked%2Chungry%20shark%20hack%20iphone%2Ciphone%2013%20hacks%202022%2Cios%2013%20ipad%20air%201%20hack%2Chack%20game%20iphone%2C
Bumrungrad International Hospital + Thailand + ASEAN,www.bumrungrad.com,android,https://www.bumrungrad.com/en/application
Bumrungrad International Hospital + Thailand + ASEAN,www.bumrungrad.com,windows,https://www.bumrungrad.com/en/conditions/phobias
CAPGEMINI INDIA PRIVATE LIMITED + India + India,www.capgemini.com,windows,https://www.capgemini.com/insights/research-library/windows-virtual-desktop-now-more-relevant-than-ever/
CAPGEMINI INDIA PRIVATE LIMITED + India + India,www.capgemini.com,linux,https://www.capgemini.com/insights/expert-perspectives/the-linux-foundation-margo-initiative/
capgemini - duplicate account + India + India,www.capgemini.com,android,https://www.capgemini.com/jobs/VG96m5EBMVlxkGnJnq1g/android-developer/
capgemini - duplicate account + India + India,www.capgemini.com,windows,https://www.capgemini.com/insights/research-library/windows-virtual-desktop-now-more-relevant-than-ever/
capgemini - duplicate account + India + India,www.capgemini.com,linux,https://www.capgemini.com/insights/expert-perspectives/the-linux-foundation-margo-initiative/
CESC Limited + India + India,www.cesc.co.in,windows,https://www.cesc.co.in/storage/uploads/tradingwindow/Closure%20of%20Trading%20Windows.pdf
CESC Limited + India + India,www.cesc.co.in,android,https://www.cesc.co.in/index.php/blogs/Nw==
CESC Limited + India + India,www.cesc.co.in,ios,https://www.cesc.co.in/index.php/blogs/Nw==
CESC Ventures + India + India,www.cesc.co.in,windows,https://www.cesc.co.in/storage/uploads/tradingwindow/Closure%20of%20Trading%20Windows.pdf
CESC Ventures + India + India,www.cesc.co.in,android,https://www.cesc.co.in/storage/uploads/blogs/Online%20payment%20blog.pdf
CESC Ventures + India + India,www.cesc.co.in,ios,https://www.cesc.co.in/storage/uploads/blogs/Online%20payment%20blog.pdf
Class Limited + Australia + ANZ,www.class.com.au,windows,https://www.class.com.au/minimum-hardware-requirements/
Class Limited + Australia + ANZ,www.class.com.au,windows 8,https://www.class.com.au/minimum-hardware-requirements/
Class Limited + Australia + ANZ,www.class.com.au,ios,https://www.class.com.au/minimum-hardware-requirements/
Viettel CHT Limited Company + Vietnam + ASEAN,www.cht.com.tw,android,https://www.cht.com.tw/home/prepaid/esim_setup/en.html
Viettel CHT Limited Company + Vietnam + ASEAN,www.cht.com.tw,ios,https://www.cht.com.tw/home/prepaid/esim_setup/en.html
Coforge-Duplicate account + India + India,www.coforge.com,android,https://www.coforge.com/what-we-know/blog/android-vs-ios-how-ai-on-mobile-can-transform-your-enterprise
Coforge-Duplicate account + India + India,www.coforge.com,ios,https://www.coforge.com/what-we-know/blog/android-vs-ios-how-ai-on-mobile-can-transform-your-enterprise
CAPGEMINI INDIA PRIVATE LIMITED + India + India,www.capgemini.com,android,https://www.capgemini.com/insights/expert-perspectives/improving-mobile-application-development-with-hybrid-application-frameworks/
Coforge-Duplicate account + India + India,www.coforge.com,windows,https://www.coforge.com/what-we-do/success-stories/power-utility-modernizes-data-capture-across-80-plants-with-cross-platform-app
Coforge Limited + India + India,www.coforge.com,android,https://www.coforge.com/what-we-know/blog/android-vs-ios-how-ai-on-mobile-can-transform-your-enterprise
Coforge Limited + India + India,www.coforge.com,ios,https://www.coforge.com/what-we-know/blog/android-vs-ios-how-ai-on-mobile-can-transform-your-enterprise
Coforge Limited + India + India,www.coforge.com,windows,https://www.coforge.com/what-we-do/success-stories/power-utility-modernizes-data-capture-across-80-plants-with-cross-platform-app
WHISHWORKS LIMITED + India + India,www.coforge.com,android,https://www.coforge.com/what-we-know/blog/android-vs-ios-how-ai-on-mobile-can-transform-your-enterprise
WHISHWORKS LIMITED + India + India,www.coforge.com,ios,https://www.coforge.com/what-we-know/blog/android-vs-ios-how-ai-on-mobile-can-transform-your-enterprise
WHISHWORKS LIMITED + India + India,www.coforge.com,windows,https://www.coforge.com/what-we-do/success-stories/power-utility-modernizes-data-capture-across-80-plants-with-cross-platform-app
COURTS (SINGAPORE) PTE. LTD. + Singapore + ASEAN,www.courts.com.sg,windows,https://www.courts.com.sg/windows-11?p=23
COURTS (SINGAPORE) PTE. LTD. + Singapore + ASEAN,www.courts.com.sg,android,https://www.courts.com.sg/windows-11?p=23
COURTS (SINGAPORE) PTE. LTD. + Singapore + ASEAN,www.courts.com.sg,ios,https://www.courts.com.sg/windows-11?p=18
Cyient Limited ( Previously Infotech Enterprises ) + India + India,www.cyient.com,android,https://www.cyient.com/resource-center/communication/whitepaper/driving-superior-customer-experienceleveraging-android-based-app-to-monitor-network-qos-in-real-time
Cyient Limited ( Previously Infotech Enterprises ) + India + India,www.cyient.com,windows,https://www.cyient.com/blog/windows-ce-end-of-life-for-medical-devices-challenges-and-opportunities-in-transitioning-to-a-new-operating-system
Cyient Limited ( Previously Infotech Enterprises ) + India + India,www.cyient.com,linux,https://www.cyient.com/whitepaper/embedded-software-testing-challenges-solutions
PT Bank Danamon Indonesia Tbk + Indonesia + ASEAN,www.danamon.co.id,ios,https://www.danamon.co.id/-/media/ALL-CONTENT-EBANKING/QRIS/QR-Merchant/18-06-2025/RIPLAY---Layanan-Merchant-QR-Danamon---Final_non-iOS-include-sameday---EN.pdf
PT Bank Danamon Indonesia Tbk + Indonesia + ASEAN,www.danamon.co.id,android,https://www.danamon.co.id/-/media/ALL-CONTENT-EBANKING/tutor-dbank-pro/Tutorial-Aktivasi-DBank-PRO-Android--ID.pdf
Viettel CHT Limited Company + Vietnam + ASEAN,www.cht.com.tw,windows,https://www.cht.com.tw/home/cht/-/media/Web/PDF/Recruit-and-Training/Recruit/2019/10809.pdf?la=zh-TW
Deloitte India - Core GSP + India + India,www.deloitte.com,ios,https://www.deloitte.com/be/en/alliances/apple.html
Association of Banks in Singapore - Deloitte + Singapore + ASEAN,www.deloitte.com,ios,https://www.deloitte.com/be/en/alliances/apple.html
Deloitte India - Core GSP + India + India,www.deloitte.com,android,https://www.deloitte.com/us/en/insights/industry/technology/technology-media-and-telecom-predictions/2024/authentication-technology-killer-app.html
Association of Banks in Singapore - Deloitte + Singapore + ASEAN,www.deloitte.com,android,https://www.deloitte.com/us/en/insights/industry/technology/technology-media-and-telecom-predictions/2024/authentication-technology-killer-app.html
Dialog Axiata PLC + India + India,www.dialog.lk,android,https://www.dialog.lk/offers-services/download-android-tv-apps
Dialog Axiata PLC + India + India,www.dialog.lk,ios,https://www.dialog.lk/technology-and-beyond/volte
Digitech One + Thailand + ASEAN,www.digitechone.co.th,android,https://www.digitechone.co.th/vpn-for-google-android-what-are-the-best-features/
Digitech One + Thailand + ASEAN,www.digitechone.co.th,windows,https://www.digitechone.co.th/avast-free-assessment-windows/
Deloitte India - Core GSP + India + India,www.deloitte.com,windows,https://www.deloitte.com/us/en/insights/industry/technology/future-of-the-movie-industry.html
Association of Banks in Singapore - Deloitte + Singapore + ASEAN,www.deloitte.com,windows,https://www.deloitte.com/us/en/insights/industry/technology/future-of-the-movie-industry.html
Dr Reddy's Laboratories Ltd + India + India,www.drreddys.com,android,https://www.drreddys.com/media/1059900/www-thehindubusinessline-com-companies-dr-reddys-to-launch-molnupiravir-next-week-at-rs-35-per-capsule-article38109674-ece.pdf
Dr Reddy's Laboratories Ltd + India + India,www.drreddys.com,ios,https://www.drreddys.com/media/1059900/www-thehindubusinessline-com-companies-dr-reddys-to-launch-molnupiravir-next-week-at-rs-35-per-capsule-article38109674-ece.pdf
Dialog Axiata PLC + India + India,www.dialog.lk,windows,https://www.dialog.lk/roaming/network-settings?language=si
Digitech One + Thailand + ASEAN,www.digitechone.co.th,ios,https://www.digitechone.co.th/pwa-vs-native-app-2022-which-suits-you-better/
AMP Limited - DXC + Australia + ANZ,www.dxc.com,linux,https://careers.dxc.com/global/en/job/51520874/Linux-Engineer
AMP Limited - DXC + Australia + ANZ,www.dxc.com,unix,https://careers.dxc.com/jp/ja/job/51545708/Junior-System-Administrator-with-Linux-Unix-Hybrid-24-7-rotation
AMP Limited - DXC + Australia + ANZ,www.dxc.com,windows,https://careers.dxc.com/pt/pt/job/51551968/Windows-Virtualization-ADFS-Engineer
BOC Group Australia - DXC + Australia + ANZ,www.dxc.com,linux,https://careers.dxc.com/global/en/job/51520874/Linux-Engineer
BOC Group Australia - DXC + Australia + ANZ,www.dxc.com,unix,https://careers.dxc.com/jp/ja/job/51545708/Junior-System-Administrator-with-Linux-Unix-Hybrid-24-7-rotation
BOC Group Australia - DXC + Australia + ANZ,www.dxc.com,windows,https://careers.dxc.com/pt/pt/job/51551968/Windows-Virtualization-ADFS-Engineer
[Child Account] Olympus Singapore - DXC + Singapore + ASEAN,www.dxc.com,linux,https://careers.dxc.com/global/en/job/51520874/Linux-Engineer
[Child Account] Olympus Singapore - DXC + Singapore + ASEAN,www.dxc.com,unix,https://careers.dxc.com/jp/ja/job/51545708/Junior-System-Administrator-with-Linux-Unix-Hybrid-24-7-rotation
[Child Account] Olympus Singapore - DXC + Singapore + ASEAN,www.dxc.com,windows,https://careers.dxc.com/pt/pt/job/51551968/Windows-Virtualization-ADFS-Engineer
DXC Technology India Private Limited + India + India,www.dxc.com,linux,https://careers.dxc.com/global/en/job/51520874/Linux-Engineer
DXC Technology India Private Limited + India + India,www.dxc.com,unix,https://careers.dxc.com/jp/ja/job/51545708/Junior-System-Administrator-with-Linux-Unix-Hybrid-24-7-rotation
DXC Technology India Private Limited + India + India,www.dxc.com,windows,https://careers.dxc.com/pt/pt/job/51551968/Windows-Virtualization-ADFS-Engineer
EbixCash + India + India,www.ebixcash.com,linux,https://career.ebixcash.com/linux-administration
EbixCash + India + India,www.ebixcash.com,windows,https://career.ebixcash.com/linux-administration
EbixCash + India + India,www.ebixcash.com,ubuntu,https://career.ebixcash.com/server-administrator
EMAPTA Versatile Services Inc. + Philippines + ASEAN,www.emapta.com,windows,https://emapta.com/data-security/
ERIS THERAPEUTICS LIMITED + India + India,www.eris.co.in,windows,https://eris.co.in/wp-content/uploads/2021/11/Annual-Report-2017-18.pdf
ERIS THERAPEUTICS LIMITED + India + India,www.eris.co.in,android,https://eris.co.in/wp-content/uploads/2021/11/Annual-Report-2017-18.pdf
Evalueserve + India + India,www.evalueserve.com,linux,https://www.evalueserve.com/media-coverage/microsoft-linux-licences-evince-emerging-best-practices-in-licensing-ai-technologies/
Eris Lifesciences ltd. + India + India,www.eris.co.in,windows,https://eris.co.in/wp-content/uploads/2021/11/AGM-Notice-2018.pdf
Eris Lifesciences ltd. + India + India,www.eris.co.in,android,https://eris.co.in/wp-content/uploads/2021/11/AGM-Notice-2018.pdf
Evalueserve + India + India,www.evalueserve.com,ios,https://www.evalueserve.com/innovation-intelligence-and-ip-solutions-old/
EMAPTA Versatile Services Inc. + Philippines + ASEAN,www.emapta.com,linux,https://emapta.com/blog/data-security-outsourcing/
Evalueserve + India + India,www.evalueserve.com,windows,https://www.evalueserve.com/intellectual-property-strategy/
EMAPTA Versatile Services Inc. + Philippines + ASEAN,www.emapta.com,unix,https://emapta.com/blog/database-administration-outsourcing/
FINANSIA SYRUS SECURITIES PUBLIC COMPANY LIMITED + Thailand + ASEAN,www.fnsyrus.com,android,https://www.fnsyrus.com/mc03/Default-en.aspx
FINANSIA SYRUS SECURITIES PUBLIC COMPANY LIMITED + Thailand + ASEAN,www.fnsyrus.com,ios,https://www.fnsyrus.com/mc03/Default-en.aspx
FINANSIA SYRUS SECURITIES PUBLIC COMPANY LIMITED + Thailand + ASEAN,www.fnsyrus.com,windows,https://www.fnsyrus.com/uploads/research/MSFT10.02.23.pdf
FPT Information System Corporation + Vietnam + ASEAN,www.fpt.com,ios,https://fpt.com/en/news/fpt-news/fpt-software-opens-user-interface-library-on-ios-and-html5
FPT Information System Corporation + Vietnam + ASEAN,www.fpt.com,android,https://fpt.com/en/news/fpt-news/36-software-employees-get-international-android-certification-at-fpt-nanoversity
FPT Information System Corporation + Vietnam + ASEAN,www.fpt.com,windows,https://fpt.com/en/news/fpt-news/fpt-launch-the-first-smartphone-running-windows-phone-
Online Business Assurance Center (Fpt Information System) + Vietnam + ASEAN,www.fpt.com,ios,https://fpt.com/en/news/fpt-news/fpt-software-opens-user-interface-library-on-ios-and-html5
Online Business Assurance Center (Fpt Information System) + Vietnam + ASEAN,www.fpt.com,android,https://fpt.com/en/news/fpt-news/36-software-employees-get-international-android-certification-at-fpt-nanoversity
Online Business Assurance Center (Fpt Information System) + Vietnam + ASEAN,www.fpt.com,windows,https://fpt.com/en/news/fpt-news/fpt-launch-the-first-smartphone-running-windows-phone-
FPTS + Vietnam + ASEAN,www.fpt.com,ios,https://fpt.com/en/news/fpt-news/fpt-software-opens-user-interface-library-on-ios-and-html5
FPTS + Vietnam + ASEAN,www.fpt.com,android,https://fpt.com/en/news/fpt-news/36-software-employees-get-international-android-certification-at-fpt-nanoversity
FPTS + Vietnam + ASEAN,www.fpt.com,windows,https://fpt.com/en/news/fpt-news/fpt-launch-the-first-smartphone-running-windows-phone-
ISC FPT Telecom(VN) + Vietnam + ASEAN,www.fpt.com,ios,https://fpt.com/en/news/fpt-news/fpt-software-opens-user-interface-library-on-ios-and-html5
ISC FPT Telecom(VN) + Vietnam + ASEAN,www.fpt.com,android,https://fpt.com/en/news/fpt-news/36-software-employees-get-international-android-certification-at-fpt-nanoversity
ISC FPT Telecom(VN) + Vietnam + ASEAN,www.fpt.com,windows,https://fpt.com/en/news/fpt-news/fpt-launch-the-first-smartphone-running-windows-phone-
FPT Software + Vietnam + ASEAN,www.fptsoftware.com,windows,https://fptsoftware.com/resource-center/case-studies/passwordless-authentication-with-windows-hello-for-business-whfb
FPT Software + Vietnam + ASEAN,www.fptsoftware.com,android,https://fptsoftware.com/resource-center/case-studies/driving-forward-excellence-with-android-based-automotive-infotainment-system
FPT Software + Vietnam + ASEAN,www.fptsoftware.com,linux,https://fptsoftware.com/newsroom/news-and-press-releases/news/fpt-joins-automotive-grade-linux-and-the-linux-foundation-to-accelerate-connected-car-development
FPT Telecom + Vietnam + ASEAN,www.fpt.vn,windows,https://fpt.vn/tin-tuc/11-phan-mem-tang-toc-do-mang-cho-thiet-bi-android-windows-ios-10641.html
FPT Telecom + Vietnam + ASEAN,www.fpt.vn,android,https://fpt.vn/tin-tuc/11-phan-mem-tang-toc-do-mang-cho-thiet-bi-android-windows-ios-10641.html
FPT Telecom + Vietnam + ASEAN,www.fpt.vn,ios,https://fpt.vn/tin-tuc/11-phan-mem-tang-toc-do-mang-cho-thiet-bi-android-windows-ios-10641.html
Lap Mang Fpt + Vietnam + ASEAN,www.fpt.vn,windows,https://fpt.vn/tin-tuc/11-phan-mem-tang-toc-do-mang-cho-thiet-bi-android-windows-ios-10641.html
Lap Mang Fpt + Vietnam + ASEAN,www.fpt.vn,android,https://fpt.vn/tin-tuc/11-phan-mem-tang-toc-do-mang-cho-thiet-bi-android-windows-ios-10641.html
Lap Mang Fpt + Vietnam + ASEAN,www.fpt.vn,ios,https://fpt.vn/tin-tuc/11-phan-mem-tang-toc-do-mang-cho-thiet-bi-android-windows-ios-10641.html
Freelancer.com + Australia + ANZ,www.freelancer.com,android,https://www.freelancer.com/jobs/android
Freelancer.com + Australia + ANZ,www.freelancer.com,linux,https://www.freelancer.com/jobs/linux
Freelancer.com + Australia + ANZ,www.freelancer.com,ios,https://www.freelancer.com/jobs/ios-development
GAMER2GAMER Sdn Bhd + Malaysia + ASEAN,www.g2g.com,windows,https://www.g2g.com/categories/windows-10-pro-gift-cards
GAMER2GAMER Sdn Bhd + Malaysia + ASEAN,www.g2g.com,android,https://www.g2g.com/offer/Top-1000-Tournament---IOS-ANDROID----Fast--amp--Safe-Boost?service_id=lgc_service_18&brand_id=lgc_game_23420&seller=AsuraaGG&offer_id=90198711
GAMER2GAMER Sdn Bhd + Malaysia + ASEAN,www.g2g.com,ios,https://www.g2g.com/offer/Top-1000-Tournament---IOS-ANDROID----Fast--amp--Safe-Boost?service_id=lgc_service_18&brand_id=lgc_game_23420&seller=AsuraaGG&offer_id=90198711
Fpt Software Ho Chi Minh + Vietnam + ASEAN,www.fptsoftware.com,windows,https://fptsoftware.com/resource-center/case-studies/passwordless-authentication-with-windows-hello-for-business-whfb
Fpt Software Ho Chi Minh + Vietnam + ASEAN,www.fptsoftware.com,android,https://fptsoftware.com/resource-center/case-studies/driving-forward-excellence-with-android-based-automotive-infotainment-system
Fpt Software Ho Chi Minh + Vietnam + ASEAN,www.fptsoftware.com,linux,https://fptsoftware.com/newsroom/news-and-press-releases/news/fpt-joins-automotive-grade-linux-and-the-linux-foundation-to-accelerate-connected-car-development
Fugro Roames + Australia + ANZ,www.fugro.com,windows,https://www.fugro.com/careers/jobs/R0028840-marine-weather-forecaster
Fugro Roames + Australia + ANZ,www.fugro.com,linux,https://www.fugro.com/careers/jobs/R0028092-satellite-positioning-software-engineer-marine
Fugro Roames + Australia + ANZ,www.fugro.com,windows 7,https://www.fugro.com/careers/jobs/R0028475-payroll-tax-specialist
Happiest Minds Technologies Pvt Ltd + India + India,www.happiestminds.com,windows,https://www.happiestminds.com/services/microsoft-windows-on-aws-ec2/
Happiest Minds Technologies Pvt Ltd + India + India,www.happiestminds.com,ios,https://www.happiestminds.com/wp-content/uploads/2016/09/End-To-End-Regression-Automation-against-an-IOS-Native-App.pdf
Happiest Minds Technologies Pvt Ltd + India + India,www.happiestminds.com,linux,https://www.happiestminds.com/wp-content/uploads/2022/06/Microsoft-Azure-Arc-for-Servers-to-Modernize-IT-Infrastructure.pdf
HGS + India + India,www.hgs.cx,windows,https://hgs.cx/case-studies/next-gen-mobile-application-to-improve-end-user-experience-and-maximize-sales/
Fpt Hi Gio Cloud + Vietnam + ASEAN,www.higiocloud.vn,windows,https://higiocloud.vn/en/hi-gio-baas/
Fpt Hi Gio Cloud + Vietnam + ASEAN,www.higiocloud.vn,ubuntu,https://higiocloud.vn/en/hi-gio-baas/
Fpt Hi Gio Cloud + Vietnam + ASEAN,www.higiocloud.vn,centos,https://higiocloud.vn/en/hi-gio-baas/
Hitachi Sunway Data Centre Services Sdn Bhd + Malaysia + ASEAN,www.hitachi-sunway-is.com,android,https://www.hitachi-sunway-is.com/enterprise-applications/enterprise-resource-planning-erp/oracle-jd-edwards
Hitachi Sunway Data Centre Services Sdn Bhd + Malaysia + ASEAN,www.hitachi-sunway-is.com,ios,https://www.hitachi-sunway-is.com/enterprise-applications/enterprise-resource-planning-erp/oracle-jd-edwards
Hitachi Sunway Data Centre Services Sdn Bhd + Malaysia + ASEAN,www.hitachi-sunway-is.com,windows,https://www.hitachi-sunway-is.com/cloud-security-infrastructure-services/data-centre-cloud-services/virtual-desktop-as-a-service
Hitachi Sunway Network Solutions (M) Sdn Bhd + Malaysia + ASEAN,www.hitachi.asia,windows,https://www.hitachi.asia/ice/products/controller/software/tools.html
Hitachi Sunway Network Solutions (M) Sdn Bhd + Malaysia + ASEAN,www.hitachi.asia,linux,https://www.hitachi.asia/ict-solutions/solutions/sms/jp1-it-compliance/
HGS + India + India,www.hgs.cx,android,https://hgs.cx/blog/how-to-choose-the-right-cloud-service-provider-for-your-organization/
HGS + India + India,www.hgs.cx,ios,https://hgs.cx/blog/how-to-choose-the-right-cloud-service-provider-for-your-organization/
Hitachi Sunway Network Solutions (M) Sdn Bhd + Malaysia + ASEAN,www.hitachi.asia,unix,https://www.hitachi.asia/ict-solutions/solutions/sms/jp1-intelligence/
Hitachi Systems Microclinic Pvt Ltd + India + India,www.hitachi.co.in,linux,https://hitachi.co.in/research-development-centre/research-areas/technology-innovation/functional-safety/
Hitachi Systems Microclinic Pvt Ltd + India + India,www.hitachi.co.in,windows,https://www.hitachi.co.in/case_studies/case_atm/success.html
Honeywell Turbo Technologies (Garrett) + India + India,www.honeywell.com,android,https://www.honeywell.com/us/en/news/featured-stories/2020/04/why-you-should-keep-ruggedized-android-devices-os-updated
Honeywell Turbo Technologies (Garrett) + India + India,www.honeywell.com,windows,https://www.honeywell.com/us/en/employee-access/remote-access
Honeywell Turbo Technologies (Garrett) + India + India,www.honeywell.com,linux,https://www.honeywell.com/us/en/employee-access/remote-access
Hitachi Systems Microclinic Pvt Ltd + India + India,www.hitachi.co.in,ios,https://hitachi.co.in/pdf/resources/information-technology/success-stories/hitachi-success-story-igate-information-lifecycle-management.pdf
I-Med Radiology Network Limited + Australia + ANZ,www.i-med.com.au,windows,https://i-med.com.au/resources/iv-upgrade
I-Med Radiology Network Limited + Australia + ANZ,www.i-med.com.au,windows 7,https://i-med.com.au/practice-software-connection
I-Med Radiology Network Limited + Australia + ANZ,www.i-med.com.au,windows 8,https://i-med.com.au/practice-software-connection
IDBI Bank Ltd. + India + India,www.idbibank.in,android,https://www.idbibank.in/go_mobile_app_android_version.aspx
IDBI Bank Ltd. + India + India,www.idbibank.in,ios,https://www.idbibank.in/go_mobile_app_android_version.aspx
IMC Pacific AU + Australia + ANZ,www.imc.com,linux,https://www.imc.com/us/careers/jobs/4426245101
Indian Bank Limited + India + India,www.indianbank.in,windows,https://www.indianbank.in/career/
Indian Bank Limited + India + India,www.indianbank.in,linux,https://www.indianbank.in/career/
Indian Bank Limited + India + India,www.indianbank.in,hp-ux,https://www.indianbank.in/career/
IMC Pacific AU + Australia + ANZ,www.imc.com,windows,https://www.imc.com/us/careers/jobs/4456774101
INDUSIND BANK LIMITED + India + India,www.indusind.com,android,https://www.indusind.com/in/en/business/accounts/indus-merchant-solutions.html
INDUSIND BANK LIMITED + India + India,www.indusind.com,ios,https://www.indusind.com/in/en/business/accounts/indus-merchant-solutions.html
IMC Pacific AU + Australia + ANZ,www.imc.com,centos,https://www.imc.com/us/careers/jobs/4439286101
Information Dynamics India Pvt. Ltd + India + India,www.infodynamic.net,android,https://www.infodynamic.net/products-wms.php
Information Dynamics India Pvt. Ltd + India + India,www.infodynamic.net,linux,https://www.infodynamic.net/infrastructure-case-studies.php
Information Dynamics India Pvt. Ltd + India + India,www.infodynamic.net,windows,https://www.infodynamic.net/infrastructure-services-1.php
Arch LMI - Infosys + Australia + ANZ,www.infosys.com,windows,https://www.infosys.com/services/microsoft-dynamics/documents/windows-as-a-service.pdf
Arch LMI - Infosys + Australia + ANZ,www.infosys.com,android,https://www.infosys.com/services/mobility-testing.html
Arch LMI - Infosys + Australia + ANZ,www.infosys.com,ios,https://www.infosys.com/services/mobility-testing.html
Jack Morton + Australia + ANZ,www.jackmorton.com,windows,https://jackmorton.com/work/expo-2020-dubai-16-windows/
Jabil Singapore Pte. Ltd. + Singapore + ASEAN,www.jabil.com,linux,http://www.jabil.com/industries/cloud-data-centers.html
Jabil Singapore Pte. Ltd. + Singapore + ASEAN,www.jabil.com,ios,http://www.jabil.com/industries/cloud-data-centers.html
JM Financial Services Limited + India + India,www.jmfinancialservices.in,ios,https://www.jmfinancialservices.in/market-news-and-insights/1617087
Jabil Singapore Pte. Ltd. + Singapore + ASEAN,www.jabil.com,android,https://www.jabil.com/industries/retail-solutions/at-checkout/payments/payment-terminal-platforms/yt-key.html
JM Financial Services Limited + India + India,www.jmfinancialservices.in,windows,https://www.jmfinancialservices.in/company-information/globalspace-technologies-ltd
JM Financial Services Limited + India + India,www.jmfinancialservices.in,android,https://www.jmfinancialservices.in/company-information/globalspace-technologies-ltd
Jobthai + Thailand + ASEAN,www.jobthai.com,android,https://www.jobthai.com/en/jobs?keyword=android%20developer
Jobthai + Thailand + ASEAN,www.jobthai.com,ios,https://www.jobthai.com/en/jobs?keyword=ios%20developer&page=1
Juniper Networks India Pvt Ltd + India + India,www.juniper.net,ubuntu,https://www.juniper.net/us/en/threatlabs/application-signatures/detail.UBUNTU.html
Juniper Networks India Pvt Ltd + India + India,www.juniper.net,ios,https://www.juniper.net/documentation/us/en/software/secure-connect/secure-connect-user-guide/topics/topic-map/install-juniper-secure-connect-on-ios.html
Juniper Networks India Pvt Ltd + India + India,www.juniper.net,linux,https://www.juniper.net/us/en/threatlabs/ips-signatures/detail.DOS:IP:LINUX-KERNEL-OOTB.html
Jack Morton + Australia + ANZ,www.jackmorton.com,linux,https://jackmorton.com/work/dockercon-user-conference-2017/
Jobthai + Thailand + ASEAN,www.jobthai.com,windows,https://www.jobthai.com/en/job/1753356
Konica Minolta Malaysia + Malaysia + ASEAN,www.konicaminolta.com.my,android,http://konicaminolta.com.my/home/konica-minolta-delivers-wireless-printing-free-app-for-android-and-iosmobile-devices-to-connect-with-bizhub-mfps/
Konica Minolta Malaysia + Malaysia + ASEAN,www.konicaminolta.com.my,ios,http://konicaminolta.com.my/home/konica-minolta-delivers-wireless-printing-free-app-for-android-and-iosmobile-devices-to-connect-with-bizhub-mfps/
Konica Minolta Malaysia + Malaysia + ASEAN,www.konicaminolta.com.my,windows,http://konicaminolta.com.my/home/termination-of-windows-os-support/
PT. Kirana Megatara Tbk + Indonesia + ASEAN,www.kiranamegatara.com,windows,https://www.kiranamegatara.com/post/PT-Nusira-Encourages-the-Mosque-Cleaning-Movement-Spreading-Benefits-and-Blessings-in-Langkat?returnUrl=%2Farticles-news
PT. Kirana Megatara Tbk + Indonesia + ASEAN,www.kiranamegatara.com,linux,https://www.kiranamegatara.com/storage/file/AR_KMTR_2019_-_2_of_21.pdf
PT. Kirana Megatara Tbk + Indonesia + ASEAN,www.kiranamegatara.com,ios,https://www.kiranamegatara.com/storage/file/AR_KMTR_2019_-_2_of_21.pdf
PT Lintasarta + Indonesia + ASEAN,www.lintasarta.net,android,https://www.lintasarta.net/en/csr/lintasarta-gives-3200-coding-scholarships-for-smk-students-and-graduates/
LRN Corporation + India + India,www.lrn.com,android,https://lrn.com/blog/latest-news/e-learning-development-choosing-the-right-technology
LRN Corporation + India + India,www.lrn.com,ios,https://lrn.com/blog/latest-news/e-learning-development-choosing-the-right-technology
PT Lintasarta + Indonesia + ASEAN,www.lintasarta.net,ios,https://www.lintasarta.net/berita/lintasarta-luncurkan-kazee-platform-media-analytics/
PT Lintasarta + Indonesia + ASEAN,www.lintasarta.net,windows,https://www.lintasarta.net/blog/solution/data-communications-internet/layanan-cloud-storage-gratis-yang-mendukung-bisnis-anda/
LRN Corporation + India + India,www.lrn.com,windows,https://pages.lrn.com/hubfs/Code%20Reinvention%20One%20Pager.pdf
Macquarie Telecom Group + Australia + ANZ,www.macquarietelecom.com,linux,https://www.macquarietelecom.com/resources/partner-program/
Macquarie Telecom Group + Australia + ANZ,www.macquarietelecom.com,windows,https://www.macquarietelecom.com/hosting/dedicated_server.htm
Macquarie Telecom Group + Australia + ANZ,www.macquarietelecom.com,android,https://www.macquarietelecom.com/data/secure-remote-access/
Masan Resources + Vietnam + ASEAN,www.masanhightechmaterials.com,windows,https://masanhightechmaterials.com/vi/career/ky-su-dieu-khien-he-thong-va-tu-dong-hoa/
Maxis Berhad + Malaysia + ASEAN,www.maxis.com.my,ios,https://www.maxis.com.my/en/mobile-plans/esim/ios/
Maxis Berhad + Malaysia + ASEAN,www.maxis.com.my,android,https://www.maxis.com.my/en/discovery/smart-technology/why-mobile-processors-matter/
Maxis Mobile Sdn Bhd + Malaysia + ASEAN,www.maxis.com.my,ios,https://www.maxis.com.my/en/mobile-plans/esim/ios/
Maxis Mobile Sdn Bhd + Malaysia + ASEAN,www.maxis.com.my,android,https://www.maxis.com.my/en/discovery/smart-technology/why-mobile-processors-matter/
Maxis Berhad + Malaysia + ASEAN,www.maxis.com.my,apple ios,https://www.maxis.com.my/en/devices/trade-in/
Masan Resources + Vietnam + ASEAN,www.masanhightechmaterials.com,ios,https://masanhightechmaterials.com/wp-content/uploads/2022/01/2020-Annual-Sustainability-Report.pdf
Maxis Mobile Sdn Bhd + Malaysia + ASEAN,www.maxis.com.my,apple ios,https://www.maxis.com.my/en/devices/trade-in/
Maxis + Malaysia + ASEAN,www.maxis.com.my,ios,https://www.maxis.com.my/en/mobile-plans/esim/ios/
Maxis + Malaysia + ASEAN,www.maxis.com.my,android,https://www.maxis.com.my/en/discovery/smart-technology/why-mobile-processors-matter/
Maxis + Malaysia + ASEAN,www.maxis.com.my,apple ios,https://www.maxis.com.my/en/devices/trade-in/
MetroData Electronics Tbk + Indonesia + ASEAN,www.metrodata.co.id,windows,https://www.metrodata.co.id/cfind/source/files/berita/paket%20migrasi%20ke%20aws-2.pdf
MetroData Electronics Tbk + Indonesia + ASEAN,www.metrodata.co.id,linux,https://www.metrodata.co.id/cfind/source/files/berita/paket%20migrasi%20ke%20aws-2.pdf
MetroData Electronics Tbk + Indonesia + ASEAN,www.metrodata.co.id,ubuntu,https://www.metrodata.co.id/cfind/source/files/berita/paket%20migrasi%20ke%20aws-2.pdf
Microland Limited (Duplicate) + India + India,www.microland.com,windows,https://www.microland.com/insights/whitepaper/pdf/dealing-complexities-windows-10
Microland Limited (Duplicate) + India + India,www.microland.com,windows 7,https://www.microland.com/virtual-apps-and-desktop/13/
Microland Limited (Duplicate) + India + India,www.microland.com,linux,https://www.microland.com/case-study/app-transformation-to-cloud
Mobifone + Vietnam + ASEAN,www.mobifone.vn,windows,https://www.mobifone.vn/doanh-nghiep/cong-nghe-thong-tin/chi-tiet/45
Mobifone + Vietnam + ASEAN,www.mobifone.vn,android,https://www.mobifone.vn/doanh-nghiep/cong-nghe-thong-tin/chi-tiet/45
Mobifone + Vietnam + ASEAN,www.mobifone.vn,ios,https://www.mobifone.vn/doanh-nghiep/cong-nghe-thong-tin/chi-tiet/45
Mirvac Group + Australia + ANZ,www.mirvac.com,ios,https://www.mirvac.com/retail
Mirvac Group + Australia + ANZ,www.mirvac.com,android,https://www.mirvac.com/customer-portal-access
Mirvac Group + Australia + ANZ,www.mirvac.com,windows,https://www.mirvac.com/build-to-rent/liv-mirvac
Mouritech India + India + India,www.mouritech.com,linux,https://www.mouritech.com/career/usa-job-openings/
Mouritech India + India + India,www.mouritech.com,ios,https://www.mouritech.com/career/usa-job-openings/
Mouritech India + India + India,www.mouritech.com,android,https://www.mouritech.com/it-services-solutions/digital-transformation/cloud/
Movate Technologies Private Limited ( Formerly CSS CORP PRIVATE LIMITED) + India + India,www.movate.com,windows,https://www.movate.com/glossary/windows-application-firewall-waf-2/
Movate Technologies Private Limited ( Formerly CSS CORP PRIVATE LIMITED) + India + India,www.movate.com,linux,https://www.movate.com/careers/job-listing-explore-career-openings-at-movate/
Movate Technologies Private Limited ( Formerly CSS CORP PRIVATE LIMITED) + India + India,www.movate.com,android,https://www.movate.com/careers/latest-job-openings/
Mphasis Stelligent + India + India,www.mphasis.com,linux,https://www.mphasis.com/content/dam/mphasis-com/global/en/home/services/cybersecurity/june-1-22-new-linux-backdoor-attacking-linux-users-via-installation-package.pdf
Mphasis Stelligent + India + India,www.mphasis.com,android,https://www.mphasis.com/content/dam/mphasis-com/global/en/home/services/cybersecurity/june-1-2-teabot-android-banking-trojan.pdf
Mphasis Stelligent + India + India,www.mphasis.com,windows,https://www.mphasis.com/content/dam/mphasis-com/global/en/home/services/cybersecurity/samsstealer-stealers-targeting-windows-systems-may-24.pdf
Net Sentries + India + India,www.netsentries.com,linux,https://www.netsentries.com/post/netsentries-hails-app-defense-alliances-move-to-joint-development-foundation
Net Sentries + India + India,www.netsentries.com,ios,https://www.netsentries.com/post/netsentries-hails-app-defense-alliances-move-to-joint-development-foundation
Net Sentries + India + India,www.netsentries.com,android,https://www.netsentries.com/service/mobile-application-security-assessment
Netlink Software Pvt Ltd + India + India,www.netlink.com,windows,https://netlink.com/cloud-and-infrastructure/
Netlink Software Pvt Ltd + India + India,www.netlink.com,linux,https://netlink.com/cloud-and-infrastructure/
Netlink Software Pvt Ltd + India + India,www.netlink.com,unix,https://netlink.com/cloud-and-infrastructure/
Netlink Software Group Private Limited + India + India,www.netlink.com,windows,https://netlink.com/cloud-and-infrastructure/
Netlink Software Group Private Limited + India + India,www.netlink.com,linux,https://netlink.com/cloud-and-infrastructure/
Netlink Software Group Private Limited + India + India,www.netlink.com,unix,https://netlink.com/cloud-and-infrastructure/
NXP Semiconductors + Singapore + ASEAN,www.nxp.com,android,https://www.nxp.com/design/design-center/software/embedded-software/i-mx-software/android-os-for-i-mx-applications-processors:IMXANDROID
NXP Semiconductors + Singapore + ASEAN,www.nxp.com,linux,https://www.nxp.com/design/design-center/software/embedded-software/i-mx-software/embedded-linux-for-i-mx-applications-processors:IMXLINUX
NXP Semiconductors + Singapore + ASEAN,www.nxp.com,windows,https://www.nxp.com/design/design-center/software/embedded-software/i-mx-software/windows-10-11-iot-enterprise-for-i-mx-applications-processors:IMXWIN10IOT
Over The Wire + Australia + ANZ,www.overthewire.com.au,ubuntu,http://mirror.overthewire.com.au/pub/ubuntu-releases/
Over The Wire + Australia + ANZ,www.overthewire.com.au,windows,http://mirror.overthewire.com.au/centos/4.5/docs/html/rhel-sbs-en-4/s1-q-and-a-windows.html
Over The Wire + Australia + ANZ,www.overthewire.com.au,centos,http://mirror.overthewire.com.au/centos/4.5/docs/html/rhel-sbs-en-4/s1-q-and-a-windows.html
PERSISTENT SYSTEMS LIMITED + India + India,www.persistent.com,windows,https://www.persistent.com/partner-ecosystem/aws/aws-service-delivery-amazon-ec2-for-microsoft-windows/
PetSure (Australia) Pty Ltd + Australia + ANZ,www.petsure.com.au,windows,https://petsure.com.au/knowledge-hub/domestic-shorthair-cat-breed-profile/
PERSISTENT SYSTEMS LIMITED + India + India,www.persistent.com,linux,https://www.persistent.com/wp-content/uploads/2023/04/Datasheet-IOT-Devices-Management.pdf
PERSISTENT SYSTEMS LIMITED + India + India,www.persistent.com,android,https://www.persistent.com/wp-content/uploads/2023/04/Datasheet-IOT-Devices-Management.pdf
PNB Holdings Corporation + Philippines + ASEAN,www.pnb.com.ph,android,https://www.pnb.com.ph/index.php/pnb-digital-banking
PNB Holdings Corporation + Philippines + ASEAN,www.pnb.com.ph,ios,https://www.pnb.com.ph/index.php/pnb-digital-banking
PNB Holdings Corporation + Philippines + ASEAN,www.pnb.com.ph,windows,https://www.pnb.com.ph/index.php/ebanking-services/electronic-banking-consumer-security-awareness
Presidio + India + India,www.presidio.com,linux,https://www.presidio.com/client-stories/futureproofing-linux-and-postgresql-workloads-in-azure-cloud-2/
Presidio + India + India,www.presidio.com,windows,https://www.presidio.com/client-stories/futureproofing-linux-and-postgresql-workloads-in-azure-cloud-2/
Presidio + India + India,www.presidio.com,android,https://www.presidio.com/client-stories/futureproofing-linux-and-postgresql-workloads-in-azure-cloud-2/
PetSure (Australia) Pty Ltd + Australia + ANZ,www.petsure.com.au,ios,https://petsure.com.au/webinars/helping-pets-avoid-separation-anxiety/
Premier Group of Companies + Thailand + ASEAN,www.premier.co.th,windows,https://www.premier.co.th/hiring/datapro-computer-systems-co-ltd/
Premier Group of Companies + Thailand + ASEAN,www.premier.co.th,linux,https://www.premier.co.th/hiring/datapro-computer-systems-co-ltd/
Premier Group of Companies + Thailand + ASEAN,www.premier.co.th,ubuntu,https://www.premier.co.th/hiring/datapro-computer-systems-co-ltd/
QUESS CORP LIMITED + India + India,www.quesscorp.com,linux,https://www.quesscorp.com/wp-content/uploads/2022/11/Quess-IT-Staffing-Skills-Report-Q2FY24-Oct-2023.pdf
QUESS CORP LIMITED + India + India,www.quesscorp.com,ibm aix,https://www.quesscorp.com/wp-content/uploads/2022/11/Quess-IT-Staffing-Skills-Report-Q2FY24-Oct-2023.pdf
Quinnox + India + India,www.quinnox.com,windows,https://www.quinnox.com/career/
Quinnox + India + India,www.quinnox.com,android,https://www.quinnox.com/career/
Quinnox + India + India,www.quinnox.com,ios,https://www.quinnox.com/career/
Quinnox Consultancy Services Limited + India + India,www.quinnox.com,windows,https://www.quinnox.com/career/
Quinnox Consultancy Services Limited + India + India,www.quinnox.com,android,https://www.quinnox.com/career/
Quinnox Consultancy Services Limited + India + India,www.quinnox.com,ios,https://www.quinnox.com/career/
QUESS CORP LIMITED + India + India,www.quesscorp.com,windows,https://www.quesscorp.com/investor/dist/images/pdf/Announcements/SE-IntimationReceiptof-1st-motionorder.pdf
RCBC Leasing and Finance + Philippines + ASEAN,www.rcbc.com,android,https://www.rcbc.com/update-now
RCBC Leasing and Finance + Philippines + ASEAN,www.rcbc.com,ios,https://www.rcbc.com/update-now
RCBC (Rizal Commercial Banking Corporation) + Philippines + ASEAN,www.rcbc.com,android,https://www.rcbc.com/update-now
RCBC (Rizal Commercial Banking Corporation) + Philippines + ASEAN,www.rcbc.com,ios,https://www.rcbc.com/update-now
RCBC Bankard + Philippines + ASEAN,www.rcbc.com,android,https://www.rcbc.com/update-now
RCBC Bankard + Philippines + ASEAN,www.rcbc.com,ios,https://www.rcbc.com/update-now
RCBC (Rizal Commercial Banking Corporation) + Philippines + ASEAN,www.rcbc.com,windows,https://www.rcbc.com/bucket-list-travel-destinations
RCBC Leasing and Finance + Philippines + ASEAN,www.rcbc.com,windows,https://www.rcbc.com/bucket-list-travel-destinations
RCBC Bankard + Philippines + ASEAN,www.rcbc.com,windows,https://www.rcbc.com/bucket-list-travel-destinations
RCBC Forex Brokers Corp + Philippines + ASEAN,www.rcbc.com,windows,https://www.rcbc.com/bucket-list-travel-destinations
Rhenus Freight Network GmbH + Singapore + ASEAN,www.rhenus.group,ios,https://www.rhenus.group/at/en/news-media/detail/rhenus-document-services-and-ios-informations-und-organisations-systeme-become-rhenus-docs-to-data/
Reliance Securities Limited + India + India,www.reliancesmartmoney.com,windows,https://www.reliancesmartmoney.com/stocks/trading-platforms/tick-pc
Reliance Securities Limited + India + India,www.reliancesmartmoney.com,android,https://www.reliancesmartmoney.com/stocks/trading-platforms/tick-pc
Reliance Securities Limited + India + India,www.reliancesmartmoney.com,ios,https://www.reliancesmartmoney.com/stocks/trading-platforms/tick-pc
RCBC Capital Corp + Philippines + ASEAN,www.rcbc.com,android,https://www.rcbc.com/update-now
RCBC Capital Corp + Philippines + ASEAN,www.rcbc.com,ios,https://www.rcbc.com/update-now
RCBC Forex Brokers Corp + Philippines + ASEAN,www.rcbc.com,android,https://www.rcbc.com/uitf-portfolio-now-managed-through-a-mobile-banking-app
Ricoh (Singapore) Pte Ltd + Singapore + ASEAN,www.ricoh.sg,windows,https://www.ricoh.sg/news/notice-on-microsoft-windows-print-spooler-vulnerability
Ricoh (Singapore) Pte Ltd + Singapore + ASEAN,www.ricoh.sg,linux,https://www.ricoh.sg/products/workplace-solutions/interactive-whiteboard/iwb-product/ricoh-interactive-whiteboard-a6510
Ricoh (Singapore) Pte Ltd + Singapore + ASEAN,www.ricoh.sg,android,https://www.ricoh.sg/products/workplace-solutions/interactive-whiteboard/iwb-product/ricoh-interactive-whiteboard-a6510
Rhenus Freight Network GmbH + Singapore + ASEAN,www.rhenus.group,windows,https://www.rhenus.group/air-freight/air-charter-freight/
RCBC Capital Corp + Philippines + ASEAN,www.rcbc.com,windows,https://www.rcbc.com/bucket-list-travel-destinations
RCBC Forex Brokers Corp + Philippines + ASEAN,www.rcbc.com,ios,https://www.rcbc.com/our-business
RMZ Corp + India + India,www.rmz.com,windows,https://www.rmz.com/real-estate/rmz-office
RPG Enterprises + India + India,www.rpggroup.com,ubuntu,https://www.rpggroup.com/assets/investors/pdfs/zensar-annual-report-2024-251753776512.pdf
RPG Enterprises + India + India,www.rpggroup.com,ios,https://www.rpggroup.com/assets/investors/pdfs/zensar-annual-report-2024-251753776512.pdf
lucideus (Safe Security) + India + India,www.safe.security,linux,https://safe.security/resources/reports-research/linux-privilege-escalation-tutorial/
lucideus (Safe Security) + India + India,www.safe.security,ubuntu,https://safe.security/wp-content/uploads/ubuntu-overlayfs-privesc-vulnerability.pdf
lucideus (Safe Security) + India + India,www.safe.security,android,https://safe.security/wp-content/uploads/android-vulnerability-in-es-file-explorer.pdf
RPG Enterprises + India + India,www.rpggroup.com,windows,https://www.rpggroup.com/assets/investors/pdfs/kinec-international-annual-report-fy24-251753777154.pdf
SAMSUNG INDIA ELECTRONICS SERVICE CENTRE BTM LYT #new account + India + India,www.samsung.com,android,https://www.samsung.com/uk/mobile-phone-buying-guide/why-android/
Samsung India + India + India,www.samsung.com,android,https://www.samsung.com/uk/mobile-phone-buying-guide/why-android/
SAMSUNG INDIA ELECTRONICS SERVICE CENTRE BTM LYT #new account + India + India,www.samsung.com,windows,https://www.samsung.com/ie/support/computing/how-to-upgrade-your-samsung-computer-to-windows-11/
Samsung India + India + India,www.samsung.com,windows,https://www.samsung.com/ca/support/mobile-devices/galaxy-phone-set-up-link-to-windows/
SAMSUNG INDIA ELECTRONICS SERVICE CENTRE BTM LYT #new account + India + India,www.samsung.com,ios,https://www.samsung.com/uk/mobile-phone-buying-guide/why-android/
Samsung India + India + India,www.samsung.com,ios,https://www.samsung.com/uk/mobile-phone-buying-guide/why-android/
Southeast Asia Bank (SeABank) + Vietnam + ASEAN,www.seabank.com.vn,ios,https://www.seabank.com.vn/search?search=iOS&type=undefined&customer=undefined&p=undefined
Southeast Asia Bank (SeABank) + Vietnam + ASEAN,www.seabank.com.vn,android,https://www.seabank.com.vn/search?search=iOS&type=undefined&customer=undefined&p=undefined
Saigon - Ha Noi Commercial Joint Stock Bank (SHB) + Vietnam + ASEAN,www.shb.com.vn,ios,https://www.shb.com.vn/thong-bao-nang-cap-phien-ban-shb-mobile-tren-he-dieu-hanh-ios-tang-chat-luong-trai-nghiem/
Saigon - Ha Noi Commercial Joint Stock Bank (SHB) + Vietnam + ASEAN,www.shb.com.vn,android,https://www.shb.com.vn/shb-khuyen-cao-khach-hang-cap-nhat-lai-ung-dung-shb-mobile-tren-he-dieu-hanh-android/
SoftdeBut Company Ltd. + Thailand + ASEAN,www.softdebut.com,windows,https://www.softdebut.com/en/products/software-tool/parallels
SoftdeBut Company Ltd. + Thailand + ASEAN,www.softdebut.com,linux,https://www.softdebut.com/en/products/software-tool/parallels
SoftdeBut Company Ltd. + Thailand + ASEAN,www.softdebut.com,ubuntu,https://www.softdebut.com/en/products/software-tool/parallels
Sysmex Asia Pacific Pte. Ltd. + Singapore + ASEAN,www.sysmex-ap.com,android,https://www.sysmex-ap.com/product/eclair-touch/
Sysmex Asia Pacific Pte. Ltd. + Singapore + ASEAN,www.sysmex-ap.com,ios,https://www.sysmex-ap.com/product/eclair-touch/
Sun Group + Vietnam + ASEAN,www.sungroup.com.vn,android,https://tuyendung.sungroup.com.vn/careers/job/7628
Sun Group + Vietnam + ASEAN,www.sungroup.com.vn,ios,https://tuyendung.sungroup.com.vn/careers/job/7628
Sun Group + Vietnam + ASEAN,www.sungroup.com.vn,windows,https://tuyendung.sungroup.com.vn/careers/job/3412
Sysmex Asia Pacific Pte. Ltd. + Singapore + ASEAN,www.sysmex-ap.com,windows,https://www.sysmex-ap.com/wp-content/uploads/2020/05/Delphic_V10_Brochure.pdf
Tamil Nadu Grama Bank + India + India,www.tamilnadugramabank.in,windows,https://www.tamilnadugramabank.in/public/tenders/Amendments%20&%20Clarifications-1.pdf
Tamil Nadu Grama Bank + India + India,www.tamilnadugramabank.in,linux,https://www.tamilnadugramabank.in/public/tenders/Amendments%20&%20Clarifications-1.pdf
Tamil Nadu Grama Bank + India + India,www.tamilnadugramabank.in,ios,https://www.tamilnadugramabank.in/public/tenders/Amendments%20&%20Clarifications-1.pdf
Tesserent Australia [Duplicate] + Australia + ANZ,www.tesserent.com,windows,https://tesserent.com/insights/blog/dumping-windows-credentials
Telin Singapore Pte Ltd + Singapore + ASEAN,www.telin.net,android,https://www.telin.net/en/insight/article/one-stop-solutions-to-protect-your-digital-infrastructure
Tesserent Australia [Duplicate] + Australia + ANZ,www.tesserent.com,ios,https://tesserent.com/resources/what-is-physical-penetration-testing-pentests-explained
Telin Singapore Pte Ltd + Singapore + ASEAN,www.telin.net,ios,https://www.telin.net/en/insight/article/batic-2019-navigating-in-the-borderless-digital-world
TeamLease Services Private Ltd + India + India,www.teamlease.com,ios,https://www.teamlease.com/ios-developer-jobs
TeamLease Services Private Ltd + India + India,www.teamlease.com,linux,https://www.teamlease.com/jobs/linux-application-support-jobs-in-noida-capgemini-397672
TeamLease Services Private Ltd + India + India,www.teamlease.com,android,https://www.teamlease.com/jobs/android-developer-jobs-in-madurai-a-client-of-freshersworld-1750969?src=tljdshare
Telin Singapore Pte Ltd + Singapore + ASEAN,www.telin.net,windows,https://www.telin.net/en/company/news/telin-and-cisco-collaborate-to-reimagine-the-internet-for-the-future
Times Internet Limited (TIL) + India + India,www.timesinternet.in,android,https://tech.timesinternet.in/look-into-your-android-apps-performance-using-firebase-performance-monitoring-c332f8c71d0
Times Internet Limited (TIL) + India + India,www.timesinternet.in,ios,https://timesinternet.in/blog/gaana-2-0-on-ios-and-our-first-million-mobile-users/
Tesserent Australia [Duplicate] + Australia + ANZ,www.tesserent.com,android,https://tesserent.com/nz/solutions/application-penetration-testing
M360 Times Internet - Duplicate + India + India,www.timesinternet.in,android,https://tech.timesinternet.in/look-into-your-android-apps-performance-using-firebase-performance-monitoring-c332f8c71d0
M360 Times Internet - Duplicate + India + India,www.timesinternet.in,ios,https://timesinternet.in/blog/gaana-2-0-on-ios-and-our-first-million-mobile-users/
TELEKOM MALAYSIA BERHAD + Malaysia + ASEAN,www.tm.com.my,windows,https://www.tm.com.my/node/91
TELEKOM MALAYSIA BERHAD + Malaysia + ASEAN,www.tm.com.my,linux,https://www.tm.com.my/node/91
TELEKOM MALAYSIA BERHAD + Malaysia + ASEAN,www.tm.com.my,macos sierra,https://www.tm.com.my/node/91
TRIANZ HOLDINGS PRIVATE LIMITED + India + India,www.trianz.com,windows,https://www.trianz.com/insights/containerization-vs-virtualization
TRIANZ HOLDINGS PRIVATE LIMITED + India + India,www.trianz.com,linux,https://www.trianz.com/insights/containerization-vs-virtualization
TRIANZ HOLDINGS PRIVATE LIMITED + India + India,www.trianz.com,android,https://www.trianz.com/insights/reimagine-the-digital-workplace-with-trianz-pulse
VIET NAM PAYMENT SOLUTION JOINT STOCK COMPANY (VNPay) + Vietnam + ASEAN,www.vnpay.vn,ios,https://tuyendung.vnpay.vn/tuyen-dung/ios-developer-objective-c-swift.html
VNPT Media + Vietnam + ASEAN,www.vnptmedia.vn,android,https://www.vnptmedia.vn/tin-tuc/202312/cach-cai-dat-ung-dung-my-vnpt-cho-dien-thoai-android-va-ios-don-gian-nhat-12f28be/
VNPT Media + Vietnam + ASEAN,www.vnptmedia.vn,ios,https://www.vnptmedia.vn/tin-tuc/202312/cach-cai-dat-ung-dung-my-vnpt-cho-dien-thoai-android-va-ios-don-gian-nhat-12f28be/
Vocus Communications + Australia + ANZ,www.vocus.com.au,windows,https://www.vocus.com.au/enterprise/collaboration/cloud-comms/vocus-collaborate-zoom
VNPT Media + Vietnam + ASEAN,www.vnptmedia.vn,windows,https://www.vnptmedia.vn/english/products-and-services/value-added-services/201901/li-xi-viet-service-625939/
VIET NAM PAYMENT SOLUTION JOINT STOCK COMPANY (VNPay) + Vietnam + ASEAN,www.vnpay.vn,android,https://cpbank.vnpay.vn/
Vocus Communications + New Zealand + ANZ,www.vocus.com.au,windows,https://www.vocus.com.au/enterprise/collaboration/cloud-comms/vocus-collaborate-zoom
Vocus New Zealand + New Zealand + ANZ,www.vocus.com.au,windows,https://www.vocus.com.au/enterprise/collaboration/cloud-comms/vocus-collaborate-zoom
Vocus Communications + Australia + ANZ,www.vocus.com.au,ios,https://www.vocus.com.au/news/vocus-brings-business-and-finance-streaming-service-ausbiz-online
Bank Jasa Jakarta (WeLab Indonesia) + Indonesia + ASEAN,www.welab.co,windows,https://www.welab.co/en/career/it-operations-engineer/
Bank Jasa Jakarta (WeLab Indonesia) + Indonesia + ASEAN,www.welab.co,linux,https://www.welab.co/en/career/it-operations-engineer/
Bank Jasa Jakarta (WeLab Indonesia) + Indonesia + ASEAN,www.welab.co,ubuntu,https://www.welab.co/en/career/it-operations-engineer/
Vocus Communications + New Zealand + ANZ,www.vocus.com.au,ios,https://www.vocus.com.au/news/vocus-brings-business-and-finance-streaming-service-ausbiz-online
M2 Group Ltd + Australia + ANZ,www.vocusgroup.com.au,windows,https://www.vocus.com.au/enterprise/collaboration/cloud-comms/vocus-collaborate-zoom
Vocus New Zealand + New Zealand + ANZ,www.vocus.com.au,ios,https://www.vocus.com.au/news/vocus-brings-business-and-finance-streaming-service-ausbiz-online
Xoriant Corporation + India + India,www.xoriant.com,android,https://www.xoriant.com/case-study/android-based-loyalty-mobile-application
Xoriant Corporation + India + India,www.xoriant.com,ios,https://www.xoriant.com/blog/how-to-write-unit-test-cases-in-ios-using-swift-or-objective-c
Xoriant Solutions Private Limited + India + India,www.xoriant.com,android,https://www.xoriant.com/case-study/android-based-loyalty-mobile-application
Xoriant Solutions Private Limited + India + India,www.xoriant.com,ios,https://www.xoriant.com/blog/how-to-write-unit-test-cases-in-ios-using-swift-or-objective-c
M2 Group Ltd + Australia + ANZ,www.vocusgroup.com.au,ios,https://www.vocus.com.au/news/vocus-brings-business-and-finance-streaming-service-ausbiz-online
YTL Digital Capital Sdn Bhd + Malaysia + ASEAN,www.ytl.com,windows,https://www.ytl.com/wp-content/uploads/sites/5/2024/11/bepartofthesolution-2024.pdf
YTL Digital Capital Sdn Bhd + Malaysia + ASEAN,www.ytl.com,android,https://www.ytl.com/press-releases/kenanga-raises-ytl-power-target-price-to-rm2-48/
Zensar Technologies + India + India,www.zensar.com,windows,https://www.zensar.com/insights/blogs/advanced-threat-detection-use-cases-windows/
Zensar Technologies + India + India,www.zensar.com,android,https://www.zensar.com/insights/white-papers/test-data-set-casino-games-0/
Zensar Technologies + India + India,www.zensar.com,ios,https://www.zensar.com/insights/white-papers/test-data-set-casino-games-0/
YTL CORPORATION BERHAD + Malaysia + ASEAN,www.ytl.com,windows,https://www.ytl.com/wp-content/uploads/sites/5/2024/11/bepartofthesolution-2024.pdf
YTL Digital Capital Sdn Bhd + Malaysia + ASEAN,www.ytl.com,ios,https://www.ytl.com/wp-content/uploads/ytles/sites/6/files/sustainability-report/YTL_Group_Sustainability_Report_2023.pdf
YTL CORPORATION BERHAD + Malaysia + ASEAN,www.ytl.com,android,https://www.ytl.com/press-releases/kenanga-raises-ytl-power-target-price-to-rm2-48/
Zensar Technologies Ltd + India + India,www.zensar.com,windows,https://www.zensar.com/insights/blogs/advanced-threat-detection-use-cases-windows/
Zensar Technology pvt ltd + India + India,www.zensar.com,windows,https://www.zensar.com/insights/blogs/advanced-threat-detection-use-cases-windows/
YTL CORPORATION BERHAD + Malaysia + ASEAN,www.ytl.com,ios,https://www.ytl.com/wp-content/uploads/ytles/sites/6/files/sustainability-report/YTL_Group_Sustainability_Report_2023.pdf
Zensar Technologies Ltd + India + India,www.zensar.com,android,https://www.zensar.com/insights/white-papers/test-data-set-casino-games-0/
Zensar Technologies Ltd + India + India,www.zensar.com,ios,https://www.zensar.com/insights/white-papers/test-data-set-casino-games-0/
Zensar Technology pvt ltd + India + India,www.zensar.com,android,https://www.zensar.com/insights/white-papers/test-data-set-casino-games-0/
Zensar Technology pvt ltd + India + India,www.zensar.com,ios,https://www.zensar.com/insights/white-papers/test-data-set-casino-games-0/
Xoriant Corporation + India + India,www.xoriant.com,windows,https://www.xoriant.com/blog/sunsetting-xamarin-embracing-native-migration-for-success
Xoriant Solutions Private Limited + India + India,www.xoriant.com,windows,https://www.xoriant.com/blog/sunsetting-xamarin-embracing-native-migration-for-success
Zinnov Management Consulting India Private Limited + India + India,www.zinnov.com,windows,https://zinnov.com/offerings/technology-market-insights/technology-research-and-insights/
Zinnov Management Consulting India Private Limited + India + India,www.zinnov.com,ios,https://zinnov.com/podcasts/hyper-intelligent-automation/democratizing-hyper-intelligent-automation-microsofts-automation-story/
Zinnov Management Consulting India Private Limited + India + India,www.zinnov.com,android,https://zinnov.com/digital-technologies/5-factors-driving-disruptions-in-the-technology-ecosystem-blog/
